used_mb,free_mb,process_count,max_proc_mem_mb,high_usage
10804.09375,3383.96484375,290,1117.390625,0
10453.6640625,3734.39453125,279,1117.39453125,0
